,mean_fit_time,std_fit_time,mean_score_time,std_score_time,param_predictor__regressor,param_preprocess__func_transf__func__func,param_preprocess__num__poly__degree,param_predictor__func,param_predictor__inverse_func,param_predictor__regressor__alpha,param_predictor__regressor__learning_rate,param_preprocess__num__scaler,param_predictor__regressor__min_samples_split,param_predictor,params,split0_test_score,split1_test_score,split2_test_score,split3_test_score,split4_test_score,mean_test_score,std_test_score,rank_test_score,split0_train_score,split1_train_score,split2_train_score,split3_train_score,split4_train_score,mean_train_score,std_train_score
0,0.11998929977416992,0.0007808121848171952,0.025490713119506837,0.0025074010332044035,LinearRegression(),,1,,,,,,,,"{'predictor__regressor': LinearRegression(), 'preprocess__func_transf__func__func': None, 'preprocess__num__poly__degree': 1}",0.3053076824519625,0.2969304725410923,0.4685627121938938,0.548161419046292,0.3549759820948786,0.39478765366562385,0.09811618980289423,15,0.5317756161502782,0.5602985604793488,0.5191741382286692,0.4710280457862923,0.5441648237893755,0.5252882368867928,0.03035023862021068
1,0.13858895301818847,0.002289615702823451,0.028417301177978516,0.0012598042448390908,LinearRegression(),,2,,,,,,,,"{'predictor__regressor': LinearRegression(), 'preprocess__func_transf__func__func': None, 'preprocess__num__poly__degree': 2}",-0.6698291760300179,-11.784810142717886,-4.915416807618854,-43.85775122957494,-370.46178995928705,-86.33791946304575,142.86899609105882,47,0.7322968035169085,0.7273192433106377,0.7249829534934907,0.6816195615376446,0.7224383312188525,0.7177313786155068,0.01834602314212343
2,0.11731433868408203,0.0030740789490746622,0.025907135009765624,0.0025682054597007376,LinearRegression(),<ufunc 'sqrt'>,1,,,,,,,,"{'predictor__regressor': LinearRegression(), 'preprocess__func_transf__func__func': <ufunc 'sqrt'>, 'preprocess__num__poly__degree': 1}",0.316712962589086,0.28556916846013736,0.47480503685159436,0.596561797013827,0.3564669381882648,0.40602318062058196,0.1148714179750806,7,0.5309425761408084,0.5618428390953237,0.5180146755924895,0.4682717751764315,0.5435710644191525,0.5245285860848412,0.031633427037764984
3,0.11825428009033204,0.011545697033219077,0.021254444122314455,0.001811539279855297,LinearRegression(),<ufunc 'sqrt'>,2,,,,,,,,"{'predictor__regressor': LinearRegression(), 'preprocess__func_transf__func__func': <ufunc 'sqrt'>, 'preprocess__num__poly__degree': 2}",-0.6368878418811059,-8.284210226375956,-5.662928037290882,-42.504139115564584,-301.8205341194764,-71.7817398681178,115.96572621667498,36,0.7268515002748579,0.7236638876706859,0.722401675778386,0.678308560519715,0.7182328795158193,0.7138917007518929,0.01800487388262418
4,0.08448538780212403,0.0029519958852460893,0.0177642822265625,0.002468109349194772,LinearRegression(),,1,<ufunc 'log'>,<ufunc 'exp'>,,,,,,"{'predictor__func': <ufunc 'log'>, 'predictor__inverse_func': <ufunc 'exp'>, 'predictor__regressor': LinearRegression(), 'preprocess__func_transf__func__func': None, 'preprocess__num__poly__degree': 1}",0.2774403925738388,0.11823104372233639,0.39519533281637553,-0.45903358885401624,-0.3015151717045139,0.006063601710804112,0.3312311882497506,33,0.23288449912499176,0.24776676673505604,0.23747537246626826,0.342278711755139,0.15740436539287983,0.243561943094867,0.05888440082702966
5,0.0996675968170166,0.017288139444185356,0.01993727684020996,0.0035011862782944204,LinearRegression(),,2,<ufunc 'log'>,<ufunc 'exp'>,,,,,,"{'predictor__func': <ufunc 'log'>, 'predictor__inverse_func': <ufunc 'exp'>, 'predictor__regressor': LinearRegression(), 'preprocess__func_transf__func__func': None, 'preprocess__num__poly__degree': 2}",-5.174066945677292,-2.153935227934327e+33,-2.5517154660709105e+18,-1.3204983807965461e+88,-inf,-inf,,51,0.5510384941726524,0.6131086670836701,0.4871410206754879,0.5737513402193317,0.5941956886725104,0.5638470421647304,0.04357457008126726
6,0.08129844665527344,0.008937143202767058,0.016937732696533203,0.0037663349554430746,LinearRegression(),<ufunc 'sqrt'>,1,<ufunc 'log'>,<ufunc 'exp'>,,,,,,"{'predictor__func': <ufunc 'log'>, 'predictor__inverse_func': <ufunc 'exp'>, 'predictor__regressor': LinearRegression(), 'preprocess__func_transf__func__func': <ufunc 'sqrt'>, 'preprocess__num__poly__degree': 1}",0.22664804144324735,0.15316586290058654,0.4256677693618234,0.05757321791786585,-0.03901489857324347,0.16480799861005593,0.1581458958205677,20,0.3740748303110547,0.4194965326858663,-0.1962671248547303,0.3255686820831405,0.33590158745548226,0.2517549015361627,0.22642981026247488
7,0.07141880989074707,0.005011448553622594,0.016559553146362305,0.00343330307519787,LinearRegression(),<ufunc 'sqrt'>,2,<ufunc 'log'>,<ufunc 'exp'>,,,,,,"{'predictor__func': <ufunc 'log'>, 'predictor__inverse_func': <ufunc 'exp'>, 'predictor__regressor': LinearRegression(), 'preprocess__func_transf__func__func': <ufunc 'sqrt'>, 'preprocess__num__poly__degree': 2}",-10.13164237908392,-1.9780272822153972e+38,-5.230508638579061e+18,-1.716427224512182e+87,-inf,-inf,,51,0.5359103771898173,0.6141940539851465,0.47637236560515184,0.5729168551397055,0.6171319072726086,0.563305111838486,0.05270136203731706
8,0.08243556022644043,0.011282741329213518,0.02281494140625,0.0006077936410434585,Ridge(),,1,,,0.1,,,,,"{'predictor__regressor': Ridge(), 'predictor__regressor__alpha': 0.1, 'preprocess__func_transf__func__func': None, 'preprocess__num__poly__degree': 1}",0.30542146130606684,0.2969618645569878,0.46855217782132275,0.5482321554930982,0.3547964972948844,0.394792831294472,0.0981243231522143,14,0.5317755600609033,0.5602984965306943,0.5191740987478282,0.47102797487174863,0.5441648028526963,0.5252881866127741,0.03035024581144214
9,0.09782395362854004,0.002873727970838557,0.02149930000305176,0.0007512656002217735,Ridge(),,2,,,0.1,,,,,"{'predictor__regressor': Ridge(), 'predictor__regressor__alpha': 0.1, 'preprocess__func_transf__func__func': None, 'preprocess__num__poly__degree': 2}",-0.679207833801218,-8.318018734701932,-4.939290003083797,-42.915271113937216,-370.71419638511986,-85.5131968141288,143.3891551645906,43,0.7322811597749888,0.7271450566354537,0.7249719924498377,0.6814972460705813,0.7198979631272865,0.7171586836116295,0.018268587828524332
10,0.08994488716125489,0.0026676022629249373,0.01980419158935547,0.0010863593288287688,Ridge(),<ufunc 'sqrt'>,1,,,0.1,,,,,"{'predictor__regressor': Ridge(), 'predictor__regressor__alpha': 0.1, 'preprocess__func_transf__func__func': <ufunc 'sqrt'>, 'preprocess__num__poly__degree': 1}",0.31683248522804397,0.28560373112304704,0.4747935798170527,0.5966174958701181,0.3562870695557342,0.4060268723187992,0.11487825333690191,6,0.5309425188271344,0.5618427737937013,0.5180146353578312,0.46827170548642083,0.5435710425329137,0.5245285351996003,0.0316334331171858
11,0.08807878494262696,0.0025210954357649854,0.02211732864379883,0.0015143906388097558,Ridge(),<ufunc 'sqrt'>,2,,,0.1,,,,,"{'predictor__regressor': Ridge(), 'predictor__regressor__alpha': 0.1, 'preprocess__func_transf__func__func': <ufunc 'sqrt'>, 'preprocess__num__poly__degree': 2}",-0.6550980374249038,-7.963457943248107,-5.618063101567843,-41.361451002091606,-311.04881197684205,-73.3293764122349,119.7259823806285,37,0.7267873175728556,0.7236613830820026,0.7223425541525856,0.677844502230383,0.7159574946628956,0.7133186503401444,0.01808417341812566
12,0.09913697242736816,0.012675932521017725,0.02324361801147461,0.0024073893550906893,Ridge(),,1,,,0.5,,,,,"{'predictor__regressor': Ridge(), 'predictor__regressor__alpha': 0.5, 'preprocess__func_transf__func__func': None, 'preprocess__num__poly__degree': 1}",0.3058684635355744,0.2970846278394692,0.4685094561025501,0.5485111360258649,0.3540754125976249,0.3948098192202167,0.0981588517951371,13,0.5317742443517766,0.5602969948353198,0.5191731709579602,0.471026310610702,0.5441643098819494,0.5252870061275415,0.030350414246217133
13,0.10823121070861816,0.01003977472503684,0.023455429077148437,0.0009423244097196205,Ridge(),,2,,,0.5,,,,,"{'predictor__regressor': Ridge(), 'predictor__regressor__alpha': 0.5, 'preprocess__func_transf__func__func': None, 'preprocess__num__poly__degree': 2}",-0.6801882445875571,-8.330002460839783,-4.936721530186394,-42.88338122285783,-371.5475654322693,-85.67557177814817,143.7214546146125,44,0.7322804127294987,0.7271441373767252,0.7249715781909968,0.6814964572033189,0.7198977509966626,0.7171580672994404,0.01826862983781511
14,0.09918403625488281,0.007632405883333872,0.01897902488708496,0.002152045181075561,Ridge(),<ufunc 'sqrt'>,1,,,0.5,,,,,"{'predictor__regressor': Ridge(), 'predictor__regressor__alpha': 0.5, 'preprocess__func_transf__func__func': <ufunc 'sqrt'>, 'preprocess__num__poly__degree': 1}",0.3173022094657413,0.2857390232241034,0.47474712046960477,0.5968365147590211,0.3555648355601523,0.4060379406957246,0.11490730275624517,4,0.5309411736160151,0.5618412403555927,0.5180136900668018,0.4682700729744158,0.5435705269136692,0.524527340785299,0.031633574309173795
15,0.08751969337463379,0.010071041341142775,0.022113895416259764,0.004373724574108005,Ridge(),<ufunc 'sqrt'>,2,,,0.5,,,,,"{'predictor__regressor': Ridge(), 'predictor__regressor__alpha': 0.5, 'preprocess__func_transf__func__func': <ufunc 'sqrt'>, 'preprocess__num__poly__degree': 2}",-0.6560430561770283,-7.975409554532302,-5.615625700882796,-41.34743394654312,-311.8695434676605,-73.49281114515915,120.0515129339627,38,0.7267866189061529,0.7236604761824025,0.7223421301613746,0.6778437657506102,0.7159572615931472,0.7133180505187374,0.01808420543633064
16,0.10569777488708496,0.01365709580063505,0.02972726821899414,0.00548545124238552,Ridge(),,1,,,1,,,,,"{'predictor__regressor': Ridge(), 'predictor__regressor__alpha': 1, 'preprocess__func_transf__func__func': None, 'preprocess__num__poly__degree': 1}",0.30640968518903,0.2972319955862808,0.46845483008670974,0.5488512083295431,0.35316715947702537,0.3948229757337178,0.09820637738063862,12,0.5317702748498966,0.5602924572402147,0.5191703642841219,0.47102128557931,0.5441628138755226,0.5252834391658132,0.030350921467099185
17,0.09836997985839843,0.0026330711511520274,0.022997045516967775,0.0010698769571448714,Ridge(),,2,,,1,,,,,"{'predictor__regressor': Ridge(), 'predictor__regressor__alpha': 1, 'preprocess__func_transf__func__func': None, 'preprocess__num__poly__degree': 2}",-0.6813946064340122,-8.344638520775034,-4.933559600414533,-42.84502936799252,-372.57365802224365,-85.87565602357195,144.13058177028813,45,0.7322781626954435,0.7271413683602659,0.7249703300292274,0.6814940786837866,0.7198971074053268,0.7171562094348101,0.018268757162080644
18,0.1086197853088379,0.010333607613209424,0.020800256729125978,0.0023174365194600986,Ridge(),<ufunc 'sqrt'>,1,,,1,,,,,"{'predictor__regressor': Ridge(), 'predictor__regressor__alpha': 1, 'preprocess__func_transf__func__func': <ufunc 'sqrt'>, 'preprocess__num__poly__degree': 1}",0.3178712510702404,0.2859017098851151,0.474687727340951,0.5971021648511363,0.3546559782710149,0.40604376628369154,0.11494739315388403,3,0.5309371117101083,0.5618366069761975,0.5180108313595365,0.4682651566745729,0.5435689609407659,0.5245237335322364,0.031633994360816514
19,0.08728609085083008,0.00683283343651561,0.022056722640991212,0.002172764252916996,Ridge(),<ufunc 'sqrt'>,2,,,1,,,,,"{'predictor__regressor': Ridge(), 'predictor__regressor__alpha': 1, 'preprocess__func_transf__func__func': <ufunc 'sqrt'>, 'preprocess__num__poly__degree': 2}",-0.6572060267710378,-7.990012408782935,-5.612623292455471,-41.33081038888624,-312.88111671762783,-73.6943537669047,120.45274090575155,39,0.7267845151871561,0.7236577451349833,0.7223408506219589,0.6778415449987149,0.715956554431304,0.7133162420748235,0.01808430262731831
20,0.09273557662963867,0.0029428993139131616,0.021818017959594725,0.002357187099207606,Ridge(),,1,,,2,,,,,"{'predictor__regressor': Ridge(), 'predictor__regressor__alpha': 2, 'preprocess__func_transf__func__func': None, 'preprocess__num__poly__degree': 1}",0.3074378975339084,0.297507718485157,0.4683420006156256,0.5495041176945401,0.3513287017590152,0.3948240872176493,0.0983152742412292,11,0.5317553414692726,0.560275347358961,0.519159758751802,0.4710023529126123,0.5441571274860832,0.5252699855957462,0.03035282573626894
21,0.09797682762145996,0.0035786889175036547,0.01905350685119629,0.0019973985115240467,Ridge(),,2,,,2,,,,,"{'predictor__regressor': Ridge(), 'predictor__regressor__alpha': 2, 'preprocess__func_transf__func__func': None, 'preprocess__num__poly__degree': 2}",-0.6837453570350855,-8.372818079610594,-4.927395285921597,-42.773035931942715,-374.57561076935673,-86.26652108477334,144.92874683811692,46,0.7322697247968406,0.7271309826704159,0.7249656441455266,0.6814851424491573,0.7198946605275444,0.717149230917897,0.01826923977063507
22,0.0770040512084961,0.0066361639987056265,0.018858051300048827,0.0015213570469777117,Ridge(),<ufunc 'sqrt'>,1,,,2,,,,,"{'predictor__regressor': Ridge(), 'predictor__regressor__alpha': 2, 'preprocess__func_transf__func__func': <ufunc 'sqrt'>, 'preprocess__num__poly__degree': 1}",0.3189531270434385,0.2862070072277706,0.47456512052423205,0.5976085108610465,0.35281891670666643,0.40603053647263077,0.11503976647542805,5,0.5309218109712597,0.5618191367467051,0.5180000343424809,0.4682467064254251,0.5435630017097043,0.524510138039115,0.031635542465686
23,0.0866734504699707,0.006504681880046887,0.018181705474853517,0.0016648040217700911,Ridge(),<ufunc 'sqrt'>,2,,,2,,,,,"{'predictor__regressor': Ridge(), 'predictor__regressor__alpha': 2, 'preprocess__func_transf__func__func': <ufunc 'sqrt'>, 'preprocess__num__poly__degree': 2}",-0.659472412192514,-8.018129189477376,-5.606761297366321,-41.30034916740302,-314.85793912073655,-74.08853023743515,121.23683448259226,40,0.7267766291516171,0.7236475066935457,0.7223360354623928,0.6778331989705553,0.715953865922069,0.713309447240036,0.018084672506206073
24,0.07805776596069336,0.005736864200588171,0.01872363090515137,0.0013058004322294985,Ridge(),,1,,,5,,,,,"{'predictor__regressor': Ridge(), 'predictor__regressor__alpha': 5, 'preprocess__func_transf__func__func': None, 'preprocess__num__poly__degree': 1}",0.31015482466086775,0.29820347719434703,0.46798249577555284,0.5512714859183562,0.34565521078242945,0.3946534988663107,0.09874188626322793,16,0.531666183957185,0.5601727808275244,0.5190957917515149,0.47088883065033205,0.544122232009397,0.5251891638391907,0.030364194984728136
25,0.07330145835876464,0.007089064515850669,0.015853118896484376,0.0018999348105446293,Ridge(),,2,,,5,,,,,"{'predictor__regressor': Ridge(), 'predictor__regressor__alpha': 5, 'preprocess__func_transf__func__func': None, 'preprocess__num__poly__degree': 2}",-0.6903373667434554,-8.44942447737731,-4.9101318566347505,-42.5893947683576,-380.2151833548089,-87.3708943647844,147.1768018570065,48,0.7322198067117953,0.7270695351374152,0.724937790341347,0.6814320256495788,0.7198796548707712,0.7171077625421816,0.018272174022106503
26,0.06955370903015137,0.005589661761792319,0.014825916290283203,0.001454855782062404,Ridge(),<ufunc 'sqrt'>,1,,,5,,,,,"{'predictor__regressor': Ridge(), 'predictor__regressor__alpha': 5, 'preprocess__func_transf__func__func': <ufunc 'sqrt'>, 'preprocess__num__poly__degree': 1}",0.3218154567358833,0.2869842078870092,0.47417527677692384,0.5989597659202002,0.3471677838684827,0.40582049823769983,0.11540728250417426,8,0.5308302264411959,0.5617144213323672,0.5179349700349851,0.46813688236453843,0.5435263603778642,0.5244285721101901,0.031644470131260934
27,0.066143798828125,0.005113615231547612,0.015521764755249023,0.0034268911288187153,Ridge(),<ufunc 'sqrt'>,2,,,5,,,,,"{'predictor__regressor': Ridge(), 'predictor__regressor__alpha': 5, 'preprocess__func_transf__func__func': <ufunc 'sqrt'>, 'preprocess__num__poly__degree': 2}",-0.6658274942441991,-8.094632721481597,-5.590295051002216,-41.227888110428125,-320.4475050052397,-75.20522967647916,123.45398103955513,41,0.7267300007109568,0.7235869992678343,0.7223072904955086,0.6777835269694858,0.7159373759349307,0.7132690386757432,0.018086953145483604
28,0.07917747497558594,0.007031639683023873,0.02386050224304199,0.0019157236016134783,Ridge(),,1,,,10,,,,,"{'predictor__regressor': Ridge(), 'predictor__regressor__alpha': 10, 'preprocess__func_transf__func__func': None, 'preprocess__num__poly__degree': 1}",0.31377577751245767,0.29902936554338433,0.4673471434738109,0.5537163048859516,0.3357688309260717,0.39392748446833525,0.09973494026089114,17,0.5314230069431842,0.5598923758856149,0.5189187275695625,0.47057687655967706,0.5440222664962973,0.5249666506908672,0.030395500371874506
29,0.12942357063293458,0.022082058631320928,0.029403543472290038,0.0041257406616675004,Ridge(),,2,,,10,,,,,"{'predictor__regressor': Ridge(), 'predictor__regressor__alpha': 10, 'preprocess__func_transf__func__func': None, 'preprocess__num__poly__degree': 2}",-0.700001049215826,-8.555320472078543,-4.885061041373769,-42.36449912421185,-388.5821202828208,-89.01740039394016,150.51104574501466,49,0.7320859883170971,0.7269049478567309,0.7248622615689004,0.681288478595685,0.7198368224084635,0.7169956997493754,0.018280429001821547
30,0.10687251091003418,0.013750009981571746,0.020662879943847655,0.0019774946011203837,Ridge(),<ufunc 'sqrt'>,1,,,10,,,,,"{'predictor__regressor': Ridge(), 'predictor__regressor__alpha': 10, 'preprocess__func_transf__func__func': <ufunc 'sqrt'>, 'preprocess__num__poly__degree': 1}",0.3256326369918843,0.2879275733483252,0.4734891542685967,0.6007978809589323,0.33736612139399424,0.40504267339234656,0.1162815877631618,9,0.5305797409147062,0.5614281790339246,0.5177550332385358,0.46783712966417523,0.5434212757966148,0.5242042717295913,0.03166830121550967
31,0.07694602012634277,0.005836866610299738,0.014984655380249023,0.0013326644726845095,Ridge(),<ufunc 'sqrt'>,2,,,10,,,,,"{'predictor__regressor': Ridge(), 'predictor__regressor__alpha': 10, 'preprocess__func_transf__func__func': <ufunc 'sqrt'>, 'preprocess__num__poly__degree': 2}",-0.6751376161498142,-8.200565498153432,-5.566270067029241,-41.153679998356466,-328.7923386345694,-76.87759836285167,126.76426161954808,42,0.7266049755202263,0.723425208406786,0.7222290503870956,0.6776488632082518,0.7158902825320085,0.7131596760108737,0.01809356141681296
32,0.0599912166595459,0.005547522337796826,0.014500999450683593,0.001795991243372701,Ridge(),,1,<ufunc 'log'>,<ufunc 'exp'>,0.1,,,,,"{'predictor__func': <ufunc 'log'>, 'predictor__inverse_func': <ufunc 'exp'>, 'predictor__regressor': Ridge(), 'predictor__regressor__alpha': 0.1, 'preprocess__func_transf__func__func': None, 'preprocess__num__poly__degree': 1}",0.27726529016666723,0.11790997804047954,0.395190130201197,-0.4592762593052109,-0.2262067229575584,0.020976483229114894,0.31838911498053124,30,0.2327380694968757,0.24766314239523113,0.2374894664820406,0.34227393197511324,0.15732834331696388,0.24349859073324492,0.058908609658216746
33,0.062331342697143556,0.0034383892741669197,0.014253950119018555,0.0010075797481450123,Ridge(),,2,<ufunc 'log'>,<ufunc 'exp'>,0.1,,,,,"{'predictor__func': <ufunc 'log'>, 'predictor__inverse_func': <ufunc 'exp'>, 'predictor__regressor': Ridge(), 'predictor__regressor__alpha': 0.1, 'preprocess__func_transf__func__func': None, 'preprocess__num__poly__degree': 2}",-5.082211342824032,-2.3367841985133645e+28,-2.7739977741868976e+16,-3.853931887143171e+82,-inf,-inf,,51,0.5569004271602429,0.6178009850247349,0.5295962051733119,0.5905036176072042,0.5820079481294861,0.575361836618996,0.030032789773629068
34,0.05567798614501953,0.0036701183720044598,0.012692022323608398,0.0006581263099121849,Ridge(),<ufunc 'sqrt'>,1,<ufunc 'log'>,<ufunc 'exp'>,0.1,,,,,"{'predictor__func': <ufunc 'log'>, 'predictor__inverse_func': <ufunc 'exp'>, 'predictor__regressor': Ridge(), 'predictor__regressor__alpha': 0.1, 'preprocess__func_transf__func__func': <ufunc 'sqrt'>, 'preprocess__num__poly__degree': 1}",0.22656652046188364,0.15307113964255914,0.4256790388173627,0.05699016314541683,-0.04460511898806585,0.16354034861583128,0.15967221003198606,21,0.3740375996315932,0.4194990129809303,-0.1964445970818629,0.3255700702301938,0.3358386148887065,0.25170014012991215,0.22649179708138006
35,0.06503958702087402,0.005286525465335504,0.015137195587158203,0.002251628014757674,Ridge(),<ufunc 'sqrt'>,2,<ufunc 'log'>,<ufunc 'exp'>,0.1,,,,,"{'predictor__func': <ufunc 'log'>, 'predictor__inverse_func': <ufunc 'exp'>, 'predictor__regressor': Ridge(), 'predictor__regressor__alpha': 0.1, 'preprocess__func_transf__func__func': <ufunc 'sqrt'>, 'preprocess__num__poly__degree': 2}",-10.219275335379699,-1.2181165946742065e+33,-1.6513047536287712e+17,-4.868096091059912e+82,-inf,-inf,,51,0.5428164295047908,0.617769819105198,0.5370270430678361,0.589336061586177,0.6106569134601696,0.5795212533448343,0.03370968577293844
36,0.05679807662963867,0.005299207062145472,0.013382482528686523,0.0014397959093402047,Ridge(),,1,<ufunc 'log'>,<ufunc 'exp'>,0.5,,,,,"{'predictor__func': <ufunc 'log'>, 'predictor__inverse_func': <ufunc 'exp'>, 'predictor__regressor': Ridge(), 'predictor__regressor__alpha': 0.5, 'preprocess__func_transf__func__func': None, 'preprocess__num__poly__degree': 1}",0.27657749677940646,0.11661539414551203,0.395153554681946,-0.46025961498779533,-0.05244204349751724,0.055128957424310385,0.29854100724547217,28,0.23215684641242706,0.24724198870188552,0.2375364042842305,0.34224680940021557,0.15702641682577978,0.24324169312490768,0.059002565076647535
37,0.05691967010498047,0.00242414270575975,0.014112567901611328,0.0009158900481235678,Ridge(),,2,<ufunc 'log'>,<ufunc 'exp'>,0.5,,,,,"{'predictor__func': <ufunc 'log'>, 'predictor__inverse_func': <ufunc 'exp'>, 'predictor__regressor': Ridge(), 'predictor__regressor__alpha': 0.5, 'preprocess__func_transf__func__func': None, 'preprocess__num__poly__degree': 2}",-5.25194932167456,-2.256837799892223e+28,-2.7081233545415548e+16,-4.7384937886473176e+82,-inf,-inf,,51,0.5570221903258464,0.6184872251694745,0.5292891244297149,0.5904158508766084,0.5812084248902127,0.5752845631383714,0.030264212053154136
38,0.055005121231079104,0.0017537124848388665,0.012640428543090821,0.0006317061646079428,Ridge(),<ufunc 'sqrt'>,1,<ufunc 'log'>,<ufunc 'exp'>,0.5,,,,,"{'predictor__func': <ufunc 'log'>, 'predictor__inverse_func': <ufunc 'exp'>, 'predictor__regressor': Ridge(), 'predictor__regressor__alpha': 0.5, 'preprocess__func_transf__func__func': <ufunc 'sqrt'>, 'preprocess__num__poly__degree': 1}",0.2262446138723283,0.15268341356920623,0.425713613920651,0.05469565742097837,-0.07397564677057744,0.15707233040251728,0.1678310802731221,22,0.3738755235103951,0.419501004395769,-0.19727204016736732,0.3255656290720602,0.3355767067788247,0.25144936471793633,0.2267822953765858
39,0.056002569198608396,0.001864083465821593,0.012601327896118165,0.0011623316038665568,Ridge(),<ufunc 'sqrt'>,2,<ufunc 'log'>,<ufunc 'exp'>,0.5,,,,,"{'predictor__func': <ufunc 'log'>, 'predictor__inverse_func': <ufunc 'exp'>, 'predictor__regressor': Ridge(), 'predictor__regressor__alpha': 0.5, 'preprocess__func_transf__func__func': <ufunc 'sqrt'>, 'preprocess__num__poly__degree': 2}",-10.520274469774863,-1.1790792810536776e+33,-1.5882635082962662e+17,-5.660874739717814e+82,-inf,-inf,,51,0.543010549990959,0.6183549017673968,0.5366364154786121,0.5894317675025421,0.6102178500449011,0.5795302969568822,0.03382511480813075
40,0.055855083465576175,0.0029464923512176455,0.012726497650146485,0.00048675151732990976,Ridge(),,1,<ufunc 'log'>,<ufunc 'exp'>,1,,,,,"{'predictor__func': <ufunc 'log'>, 'predictor__inverse_func': <ufunc 'exp'>, 'predictor__regressor': Ridge(), 'predictor__regressor__alpha': 1, 'preprocess__func_transf__func__func': None, 'preprocess__num__poly__degree': 1}",0.275744490431479,0.11497462538738745,0.39507470560405844,-0.4615148287019668,0.0033044895536620267,0.06551669645492401,0.2955952911281241,27,0.23143981181666673,0.24670144387455684,0.23757511325337188,0.3421959337032622,0.1566536611653664,0.2429131927626448,0.05911387967259359
41,0.056279468536376956,0.0017268076088568032,0.013152456283569336,0.0008587756810508182,Ridge(),,2,<ufunc 'log'>,<ufunc 'exp'>,1,,,,,"{'predictor__func': <ufunc 'log'>, 'predictor__inverse_func': <ufunc 'exp'>, 'predictor__regressor': Ridge(), 'predictor__regressor__alpha': 1, 'preprocess__func_transf__func__func': None, 'preprocess__num__poly__degree': 2}",-5.465851989768588,-2.1545752237180284e+28,-2.627385666789946e+16,-6.123437897531934e+82,-inf,-inf,,51,0.5571783984456973,0.6193148318133641,0.5288506042236645,0.5902708834576378,0.5801922710252405,0.5751613977931209,0.03056537205684274
42,0.053204822540283206,0.002332475776229653,0.011718463897705079,0.0004935269517020745,Ridge(),<ufunc 'sqrt'>,1,<ufunc 'log'>,<ufunc 'exp'>,1,,,,,"{'predictor__func': <ufunc 'log'>, 'predictor__inverse_func': <ufunc 'exp'>, 'predictor__regressor': Ridge(), 'predictor__regressor__alpha': 1, 'preprocess__func_transf__func__func': <ufunc 'sqrt'>, 'preprocess__num__poly__degree': 1}",0.2258509949813573,0.15217970669463354,0.4257346284466008,0.05190722535319736,-0.11412416243712475,0.14830967860773286,0.1795311614035273,23,0.373645494080342,0.4194863993069361,-0.19855146494842613,0.32553892063905243,0.33522835419277897,0.25106954065413667,0.22723404048137233
43,0.05257992744445801,0.0010336192135966076,0.012175321578979492,0.00018049725710727864,Ridge(),<ufunc 'sqrt'>,2,<ufunc 'log'>,<ufunc 'exp'>,1,,,,,"{'predictor__func': <ufunc 'log'>, 'predictor__inverse_func': <ufunc 'exp'>, 'predictor__regressor': Ridge(), 'predictor__regressor__alpha': 1, 'preprocess__func_transf__func__func': <ufunc 'sqrt'>, 'preprocess__num__poly__degree': 2}",-10.898808784809393,-1.1287002256804165e+33,-1.5138903340659197e+17,-6.836091202399602e+82,-inf,-inf,,51,0.5432538174907198,0.6190608314763424,0.5360959443959192,0.5895147092894518,0.6096547697712817,0.579516014484743,0.033977523265448235
44,0.05378780364990234,0.0038060785730157703,0.014538002014160157,0.0012137438670748967,Ridge(),,1,<ufunc 'log'>,<ufunc 'exp'>,2,,,,,"{'predictor__func': <ufunc 'log'>, 'predictor__inverse_func': <ufunc 'exp'>, 'predictor__regressor': Ridge(), 'predictor__regressor__alpha': 2, 'preprocess__func_transf__func__func': None, 'preprocess__num__poly__degree': 1}",0.2741582574881438,0.11161971884148492,0.3948187113346392,-0.46409880826141503,-0.05080889862138527,0.05313779615629353,0.2991169161749892,29,0.23003393709864983,0.2455772317248981,0.23759184908472042,0.34204326117285944,0.1559224914547871,0.24223375410718298,0.05931801315149321
45,0.06232571601867676,0.0033588527312876067,0.013118553161621093,0.0007552704626117931,Ridge(),,2,<ufunc 'log'>,<ufunc 'exp'>,2,,,,,"{'predictor__func': <ufunc 'log'>, 'predictor__inverse_func': <ufunc 'exp'>, 'predictor__regressor': Ridge(), 'predictor__regressor__alpha': 2, 'preprocess__func_transf__func__func': None, 'preprocess__num__poly__degree': 2}",-5.8996979635771885,-1.9476902813450956e+28,-2.471711248713632e+16,-1.0160606036106988e+83,-inf,-inf,,51,0.557500883931807,0.6208758287639295,0.5278099401223972,0.589873322021482,0.5781088914796189,0.5748337732638469,0.031204022935336077
46,0.05161981582641602,0.001761540923302418,0.011566066741943359,0.0008108391137557291,Ridge(),<ufunc 'sqrt'>,1,<ufunc 'log'>,<ufunc 'exp'>,2,,,,,"{'predictor__func': <ufunc 'log'>, 'predictor__inverse_func': <ufunc 'exp'>, 'predictor__regressor': Ridge(), 'predictor__regressor__alpha': 2, 'preprocess__func_transf__func__func': <ufunc 'sqrt'>, 'preprocess__num__poly__degree': 1}",0.22508959696969566,0.15111339228150344,0.42571048263667577,0.046566900956356516,-0.17673223923405001,0.13434962672203626,0.1989390100835747,24,0.37310560261686443,0.41940447077227594,-0.20182305489417574,0.32542230119168614,0.3344702724828462,0.2501159184338994,0.22839466732485705
47,0.055609273910522464,0.001501324661800992,0.013024425506591797,0.000583387640626311,Ridge(),<ufunc 'sqrt'>,2,<ufunc 'log'>,<ufunc 'exp'>,2,,,,,"{'predictor__func': <ufunc 'log'>, 'predictor__inverse_func': <ufunc 'exp'>, 'predictor__regressor': Ridge(), 'predictor__regressor__alpha': 2, 'preprocess__func_transf__func__func': <ufunc 'sqrt'>, 'preprocess__num__poly__degree': 2}",-11.664000344685464,-1.0257462832974006e+33,-1.3783547550453123e+17,-9.962644335845814e+82,-inf,-inf,,51,0.5437398067907815,0.6203939147001892,0.5348598747434741,0.5895688827824677,0.6084844860839055,0.5794093930201635,0.03430826794432072
48,0.05330815315246582,0.0013906250058940161,0.012314987182617188,0.0009975885035461837,Ridge(),,1,<ufunc 'log'>,<ufunc 'exp'>,5,,,,,"{'predictor__func': <ufunc 'log'>, 'predictor__inverse_func': <ufunc 'exp'>, 'predictor__regressor': Ridge(), 'predictor__regressor__alpha': 5, 'preprocess__func_transf__func__func': None, 'preprocess__num__poly__degree': 1}",0.2699094408875148,0.10099141022351088,0.39343081637497124,-0.47226604209389,-0.19092961862773006,0.020227201352875368,0.3147322080449124,31,0.22599402454799178,0.2419170007889877,0.237238762261195,0.3412574312202914,0.15382623405554285,0.24004669057480177,0.059810435692395164
49,0.053639793395996095,0.000908584014946207,0.012222385406494141,0.00029447077064029205,Ridge(),,2,<ufunc 'log'>,<ufunc 'exp'>,5,,,,,"{'predictor__func': <ufunc 'log'>, 'predictor__inverse_func': <ufunc 'exp'>, 'predictor__regressor': Ridge(), 'predictor__regressor__alpha': 5, 'preprocess__func_transf__func__func': None, 'preprocess__num__poly__degree': 2}",-7.253091673505992,-1.3732646249050583e+28,-2.0552487558840732e+16,-4.4010955060975036e+83,-inf,-inf,,51,0.5585037763448826,0.6249063103394562,0.5236262122727797,0.587956650322697,0.5715216533993819,0.5733029205358394,0.03336946077220774
50,0.05193638801574707,0.001792093070343169,0.012347030639648437,0.0005057707552890119,Ridge(),<ufunc 'sqrt'>,1,<ufunc 'log'>,<ufunc 'exp'>,5,,,,,"{'predictor__func': <ufunc 'log'>, 'predictor__inverse_func': <ufunc 'exp'>, 'predictor__regressor': Ridge(), 'predictor__regressor__alpha': 5, 'preprocess__func_transf__func__func': <ufunc 'sqrt'>, 'preprocess__num__poly__degree': 1}",0.22296838539430464,0.1475083526422526,0.42521727094234296,0.03201354359363129,-0.23326881305473646,0.11888774790355901,0.21773886451514077,25,0.3710011022294336,0.41880087942924193,-0.2159550985650538,0.3246689553392803,0.33181912411092984,0.24606699250876635,0.23342734918500918
51,0.05689644813537598,0.0018697903032250532,0.013124752044677734,0.0008852903819384196,Ridge(),<ufunc 'sqrt'>,2,<ufunc 'log'>,<ufunc 'exp'>,5,,,,,"{'predictor__func': <ufunc 'log'>, 'predictor__inverse_func': <ufunc 'exp'>, 'predictor__regressor': Ridge(), 'predictor__regressor__alpha': 5, 'preprocess__func_transf__func__func': <ufunc 'sqrt'>, 'preprocess__num__poly__degree': 2}",-14.030450037482511,-7.336146894447213e+32,-1.0555883719192582e+17,-3.03450975556675e+83,-inf,-inf,,51,0.5451654607686895,0.6238522618719363,0.530158818607724,0.5889837997896334,0.604673162688999,0.5785667007453965,0.03549594692156315
52,0.05381908416748047,0.001248685724637425,0.012139177322387696,0.0005480688510062005,Ridge(),,1,<ufunc 'log'>,<ufunc 'exp'>,10,,,,,"{'predictor__func': <ufunc 'log'>, 'predictor__inverse_func': <ufunc 'exp'>, 'predictor__regressor': Ridge(), 'predictor__regressor__alpha': 10, 'preprocess__func_transf__func__func': None, 'preprocess__num__poly__degree': 1}",0.2640155311323349,0.08147395448640715,0.3897026876696186,-0.48664034483224383,-0.19876725905986614,0.009956913879250129,0.3175033664509053,32,0.21965964205508726,0.23511010449155567,0.23564113279382282,0.33917991264131686,0.15057484993909787,0.23603312838417612,0.060351426073629325
53,0.05432319641113281,0.0015358084493111133,0.013080358505249023,0.00042191130015909806,Ridge(),,2,<ufunc 'log'>,<ufunc 'exp'>,10,,,,,"{'predictor__func': <ufunc 'log'>, 'predictor__inverse_func': <ufunc 'exp'>, 'predictor__regressor': Ridge(), 'predictor__regressor__alpha': 10, 'preprocess__func_transf__func__func': None, 'preprocess__num__poly__degree': 2}",-9.692475339605341,-7.069286962012467e+27,-1.5187275612072624e+16,-4.2294909330829645e+84,-2.471249174587709e+285,-4.9424983491754185e+284,inf,50,0.5601441568923652,0.6299353729348829,0.5140509922535481,0.5829072521267439,0.5597428258406659,0.5693561200096412,0.03765477901145261
54,0.0534977912902832,0.0016728852271769225,0.011844635009765625,0.0002658993813933463,Ridge(),<ufunc 'sqrt'>,1,<ufunc 'log'>,<ufunc 'exp'>,10,,,,,"{'predictor__func': <ufunc 'log'>, 'predictor__inverse_func': <ufunc 'exp'>, 'predictor__regressor': Ridge(), 'predictor__regressor__alpha': 10, 'preprocess__func_transf__func__func': <ufunc 'sqrt'>, 'preprocess__num__poly__degree': 1}",0.21981747498619375,0.14040849767784525,0.4234244419588632,0.010846980251988714,-0.2195654117244128,0.11498639663009562,0.2142614274824378,26,0.3664477854866063,0.41689041144853756,-0.2487693264709967,0.3224805182142533,0.3265709104317598,0.236724059822032,0.24511981319894927
55,0.06280503273010254,0.010888141914709059,0.017590141296386717,0.00580962693526083,Ridge(),<ufunc 'sqrt'>,2,<ufunc 'log'>,<ufunc 'exp'>,10,,,,,"{'predictor__func': <ufunc 'log'>, 'predictor__inverse_func': <ufunc 'exp'>, 'predictor__regressor': Ridge(), 'predictor__regressor__alpha': 10, 'preprocess__func_transf__func__func': <ufunc 'sqrt'>, 'preprocess__num__poly__degree': 2}",-18.22889115129198,-3.847172041510894e+32,-7.0253711069689016e+16,-1.770963107810064e+84,-inf,-inf,,51,0.5473581250501246,0.628232376568924,0.5199459692659081,0.5861082100614066,0.5975692262753258,0.5758427814443378,0.0380996492598323
56,0.9833342075347901,0.018752353416621872,0.04742798805236816,0.009937776584578728,AdaBoostRegressor(),,,,,,0.01,,,,"{'predictor__regressor': AdaBoostRegressor(), 'predictor__regressor__learning_rate': 0.01, 'preprocess__num__scaler': None}",0.3086982237874828,0.2856286146900815,0.44439363071959104,0.3661254209001611,0.37680922058454025,0.35633102213637136,0.05574589453323919,18,0.6937916412690548,0.6923602823070039,0.7083381719461579,0.6643950936620056,0.7050217034177877,0.692781378520402,0.015484304932346708
57,1.050969171524048,0.03281822888791595,0.05149712562561035,0.010399290884990113,AdaBoostRegressor(),,,,,,0.1,,,,"{'predictor__regressor': AdaBoostRegressor(), 'predictor__regressor__learning_rate': 0.1, 'preprocess__num__scaler': None}",0.2728433221028539,0.31235586995708997,0.4369862357675447,0.38541283053318276,0.31761289753946,0.34504223118002625,0.05850971594123196,19,0.6998277140350664,0.7354781087632867,0.747894885921236,0.67927212751314,0.7286255672097446,0.7182196806884947,0.025067628349084454
58,0.9121741771697998,0.056071620009052386,0.045597410202026366,0.007812340190105568,AdaBoostRegressor(),,,,,,1,,,,"{'predictor__regressor': AdaBoostRegressor(), 'predictor__regressor__learning_rate': 1, 'preprocess__num__scaler': None}",-4.939317971157769,-0.6955704785269168,-0.13995946900092893,-0.09831705653003198,-0.14294668291611612,-1.2032223316263526,1.881044872665347,35,-1.1548198861028798,-0.0907348614309691,0.15208924520850164,0.0706538441741984,0.1997782311671098,-0.1646066853968078,0.5048563015123987
59,2.1484001159667967,0.07190791364786425,0.025740337371826173,0.005559141643395482,RandomForestRegressor(min_samples_split=0.25),,,,,,,,0.05,,"{'predictor__regressor': RandomForestRegressor(min_samples_split=0.25), 'predictor__regressor__min_samples_split': 0.05, 'preprocess__num__scaler': None}",0.30507023072230055,0.3931580199211253,0.5278685878657274,0.4456644281073111,0.33826513587746365,0.40200528049878564,0.07910142507249031,10,0.5589356138149941,0.5844036088995819,0.5286326282399649,0.5302502456003776,0.5667015937273504,0.5537847380564538,0.021528552652682782
60,1.7058425903320313,0.033619295853666666,0.029933834075927736,0.0022112308905646314,RandomForestRegressor(min_samples_split=0.25),,,,,,,,0.1,,"{'predictor__regressor': RandomForestRegressor(min_samples_split=0.25), 'predictor__regressor__min_samples_split': 0.1, 'preprocess__num__scaler': None}",0.3065014875591251,0.4124781947634595,0.519435011660238,0.43977305471934913,0.3584085102832041,0.4073192517970751,0.07239653285581871,2,0.5247059019008977,0.548514076491722,0.5070080928338803,0.508254548844753,0.5526216057403944,0.5282208451623295,0.019329775118695866
61,1.4328346252441406,0.03431699009650105,0.034183597564697264,0.0013599543767955531,RandomForestRegressor(min_samples_split=0.25),,,,,,,,0.25,,"{'predictor__regressor': RandomForestRegressor(min_samples_split=0.25), 'predictor__regressor__min_samples_split': 0.25, 'preprocess__num__scaler': None}",0.3142454154332225,0.3700354188687518,0.5232706354310326,0.4725427636778756,0.362003276045487,0.4084195018912739,0.07719991967479764,1,0.521749888882569,0.5479634695354005,0.5027939316591055,0.496336657798521,0.5492908655482637,0.5236269626847719,0.022059922050801824
62,0.08587055206298828,0.004008265042416315,0.021313285827636717,0.004208584357958774,,,,,,,,,,DummyRegressor(),{'predictor': DummyRegressor()},-0.007751112117652781,-0.0008107481445154274,-0.0001449207104173844,-0.00011887047176362131,-2.206687684580544e-06,-0.001765571626406759,0.003006192703245475,34,0.0,0.0,0.0,0.0,0.0,0.0,0.0
